{
  "name": "我的题库",
  "version": "1.0",
  "metadata": {
    "totalQuestions": 8,
    "singleChoice": 3,
    "multipleChoice": 2,
    "fillBlank": 2,
    "documentReading": 1,
    "totalImages": 11
  },
  "images": [
    {
      "filename": "SC_1_1.png",
      "path": "add/SC_1_1.png"
    },
    {
      "filename": "SCIMG_1_1.png",
      "path": "add/SCIMG_1_1.png"
    },
    {
      "filename": "SCIMG_1_2.png",
      "path": "add/SCIMG_1_2.png"
    },
    {
      "filename": "MC_1_1.png",
      "path": "add/MC_1_1.png"
    },
    {
      "filename": "MCIMG_1_1.png",
      "path": "add/MCIMG_1_1.png"
    },
    {
      "filename": "MCIMG_1_2.png",
      "path": "add/MCIMG_1_2.png"
    },
    {
      "filename": "FL_1_1.png",
      "path": "add/FL_1_1.png"
    },
    {
      "filename": "FLIMG_1_1.png",
      "path": "add/FLIMG_1_1.png"
    },
    {
      "filename": "FLIMG_1_3.png",
      "path": "add/FLIMG_1_3.png"
    },
    {
      "filename": "FLIMG_1_2.png",
      "path": "add/FLIMG_1_2.png"
    },
    {
      "filename": "DR_1_1.png",
      "path": "add/DR_1_1.png"
    }
  ],
  "questions": {
    "singleChoice": [
      {
        "id": "1",
        "type": "SC",
        "enabled": true,
        "question": "单选题干无图---独立",
        "images": [
          "add/SC_1_1.png"
        ],
        "options": [
          "1",
          "2"
        ],
        "answer": "A"
      },
      {
        "id": "1",
        "type": "SCIMG",
        "enabled": true,
        "question": "单选题干有图---独立",
        "images": [
          "add/SCIMG_1_1.png",
          "add/SCIMG_1_2.png"
        ],
        "options": [
          "2",
          "3"
        ],
        "answer": "B"
      },
      {
        "id": "2",
        "type": "SC",
        "enabled": true,
        "question": "单选题干无图---DR",
        "images": [
          "add/DR_1_2.png"
        ],
        "options": [
          "213431",
          "2143432413"
        ],
        "answer": "A",
        "hook": "SC.A1"
      }
    ],
    "multipleChoice": [
      {
        "id": "1",
        "type": "MC",
        "enabled": true,
        "question": "多选题干无图---独立",
        "images": [
          "add/MC_1_1.png"
        ],
        "options": [
          "1",
          "2",
          "3"
        ],
        "answers": [
          "A",
          "B"
        ]
      },
      {
        "id": "1",
        "type": "MCIMG",
        "enabled": true,
        "question": "多选题干有图---独立",
        "images": [
          "add/MCIMG_1_1.png",
          "add/MCIMG_1_2.png"
        ],
        "options": [
          "1",
          "2",
          "3",
          "4"
        ],
        "answers": [
          "A",
          "B",
          "C"
        ]
      }
    ],
    "fillBlank": [
      {
        "id": "1",
        "type": "FL",
        "enabled": true,
        "question": "填空题干无图(%___%)(%___%)(%___%)---独立",
        "images": [
          "add/FL_1_1.png"
        ],
        "template": "填空题干无图(%___%)(%___%)(%___%)---独立",
        "blankCount": 3,
        "answers": [
          {
            "blankIndex": 1,
            "answers": [
              "1"
            ]
          },
          {
            "blankIndex": 2,
            "answers": [
              "2"
            ]
          },
          {
            "blankIndex": 3,
            "answers": [
              "3"
            ]
          }
        ],
        "hasExtra": false,
        "extraKey": ""
      },
      {
        "id": "1",
        "type": "FLIMG",
        "enabled": true,
        "question": "填空题干有图(%___%)(%___%)(%___%)---独立",
        "images": [
          "add/FLIMG_1_1.png",
          "add/FLIMG_1_3.png",
          "add/FLIMG_1_2.png"
        ],
        "template": "填空题干有图(%___%)(%___%)(%___%)---独立",
        "blankCount": 3,
        "answers": [
          {
            "blankIndex": 1,
            "answers": [
              "1"
            ]
          },
          {
            "blankIndex": 2,
            "answers": [
              "2"
            ]
          },
          {
            "blankIndex": 3,
            "answers": [
              "3"
            ]
          },
          {
            "blankIndex": 4,
            "answers": [
              "1"
            ]
          },
          {
            "blankIndex": 5,
            "answers": [
              "2"
            ]
          },
          {
            "blankIndex": 6,
            "answers": [
              "3"
            ]
          },
          {
            "blankIndex": 7,
            "answers": [
              "1"
            ]
          },
          {
            "blankIndex": 8,
            "answers": [
              "2"
            ]
          },
          {
            "blankIndex": 9,
            "answers": [
              "3"
            ]
          }
        ],
        "hasExtra": false,
        "extraKey": ""
      }
    ],
    "documentReading": [
      {
        "id": "1",
        "type": "DR",
        "enabled": true,
        "question": "材料阅读题",
        "images": [
          "add/DR_1_1.png"
        ],
        "materials": [
          "材料内容（必填）"
        ],
        "hooks": [
          "SC.A1"
        ]
      }
    ]
  },
  "errors": []
}